{"properties": [
  {
    "name": "spring.cloud.consul.config.enabled",
    "type": "java.lang.String",
    "description": "A description for 'spring.cloud.consul.config.enabled'"
  },
  {
    "name": "spring.cloud.consul.config.format",
    "type": "java.lang.String",
    "description": "A description for 'spring.cloud.consul.config.format'"
  },
  {
    "name": "spring.cloud.consul.config.profileSeparator",
    "type": "java.lang.String",
    "description": "A description for 'spring.cloud.consul.config.profileSeparator'"
  },
  {
    "name": "spring.cloud.consul.config.defaultContext",
    "type": "java.lang.String",
    "description": "A description for 'spring.cloud.consul.config.defaultContext'"
  },
  {
    "name": "spring.cloud.consul.config.prefix",
    "type": "java.lang.String",
    "description": "A description for 'spring.cloud.consul.config.prefix'"
  },
  {
    "name": "spring.cloud.consul.config.format",
    "type": "java.lang.String",
    "description": "A description for 'spring.cloud.consul.config.format'"
  },
  {
    "name": "resilience4j.circuitbreaker.instances.payment-service.failure-rate-threshold",
    "type": "java.lang.String",
    "description": "A description for 'resilience4j.circuitbreaker.instances.payment-service.failure-rate-threshold'"
  },
  {
    "name": "resilience4j.circuitbreaker.instances.payment-service.ring-buffer-size-in-closed-state",
    "type": "java.lang.String",
    "description": "A description for 'resilience4j.circuitbreaker.instances.payment-service.ring-buffer-size-in-closed-state'"
  },
  {
    "name": "resilience4j.circuitbreaker.instances.payment-service.ring-buffer-size-in-half-open-state",
    "type": "java.lang.String",
    "description": "A description for 'resilience4j.circuitbreaker.instances.payment-service.ring-buffer-size-in-half-open-state'"
  },
  {
    "name": "resilience4j.circuitbreaker.instances.payment-service.wait-duration-in-open-state",
    "type": "java.lang.String",
    "description": "A description for 'resilience4j.circuitbreaker.instances.payment-service.wait-duration-in-open-state'"
  },
  {
    "name": "resilience4j.circuitbreaker.instances.payment-service.automatic-transition-from-open-to-half-open-enabled",
    "type": "java.lang.String",
    "description": "A description for 'resilience4j.circuitbreaker.instances.payment-service.automatic-transition-from-open-to-half-open-enabled'"
  }
]}