{"properties": [
  {
    "name": "spring.cloud.consul.discovery.hostname",
    "type": "java.lang.String",
    "description": "A description for 'spring.cloud.consul.discovery.hostname'"
  },
  {
    "name": "spring.cloud.consul.config.enabled",
    "type": "java.lang.String",
    "description": "A description for 'spring.cloud.consul.config.enabled'"
  },
  {
    "name": "spring.cloud.consul.config.prefix",
    "type": "java.lang.String",
    "description": "A description for 'spring.cloud.consul.config.prefix'"
  },
  {
    "name": "spring.cloud.consul.config.defaultContext",
    "type": "java.lang.String",
    "description": "A description for 'spring.cloud.consul.config.defaultContext'"
  },
  {
    "name": "spring.cloud.consul.config.profileSeparator",
    "type": "java.lang.String",
    "description": "A description for 'spring.cloud.consul.config.profileSeparator'"
  },
  {
    "name": "spring.cloud.consul.config.format",
    "type": "java.lang.String",
    "description": "A description for 'spring.cloud.consul.config.format'"
  }
]}